field,replicate,sample,forward_primer,f_Padding,f_Barcode,f_Primer_Sequence,reverse_primer,r_Padding,r_Barcode,R_Primer_Sequence,new_name,JC_name,Jan_name
F08,2,F08.2,F51,GGTAG,AACAACCG,CTTGGTCATTTAGAGGAAGTAA,R39,CCATC,CGGTTGTT,TCCTCCGCTTATTGATATGC,F51.R39,F51-m1-R39-m1,F51_m1-R39_m1.fastq
F05,2,F05.2,F51,GGTAG,AACAACCG,CTTGGTCATTTAGAGGAAGTAA,R38,CCATC,CTGACTAC,TCCTCCGCTTATTGATATGC,F51.R38,F51-m1-R38-m1,F51_m1-R38_m1.fastq
F10,3,F10.3,F51,GGTAG,AACAACCG,CTTGGTCATTTAGAGGAAGTAA,R37,CCATC,GATAGCCA,TCCTCCGCTTATTGATATGC,F51.R37,F51-m1-R37-m1,F51_m1-R37_m1.fastq
F05,1,F05.1,F51,GGTAG,AACAACCG,CTTGGTCATTTAGAGGAAGTAA,R36,CCATC,GGCATTCT,TCCTCCGCTTATTGATATGC,F51.R36,F51-m1-R36-m1,F51_m1-R36_m1.fastq
F22,3,F22.3,F51,GGTAG,AACAACCG,CTTGGTCATTTAGAGGAAGTAA,R35,CCATC,GTCTCATC,TCCTCCGCTTATTGATATGC,F51.R35,F51-m1-R35-m1,F51_m1-R35_m1.fastq
F14,2,F14.2,F51,GGTAG,AACAACCG,CTTGGTCATTTAGAGGAAGTAA,R34,CCATC,TAGTCTCG,TCCTCCGCTTATTGATATGC,F51.R34,F51-m1-R34-m1,F51_m1-R34_m1.fastq
F15,3,F15.3,F51,GGTAG,AACAACCG,CTTGGTCATTTAGAGGAAGTAA,R33,CCATC,TCTACGCA,TCCTCCGCTTATTGATATGC,F51.R33,F51-m1-R33-m1,F51_m1-R33_m1.fastq
F19,3,F19.3,F51,GGTAG,AACAACCG,CTTGGTCATTTAGAGGAAGTAA,R32,CCATC,TTCACGGA,TCCTCCGCTTATTGATATGC,F51.R32,F51-m1-R32-m1,F51_m1-R32_m1.fastq
F09,1,F09.1,F53,GGTAG,AAGACGAG,CTTGGTCATTTAGAGGAAGTAA,R39,CCATC,CGGTTGTT,TCCTCCGCTTATTGATATGC,F53.R39,F53-m1-R39-m1,F53_m1-R39_m1.fastq
F19,1,F19.1,F53,GGTAG,AAGACGAG,CTTGGTCATTTAGAGGAAGTAA,R38,CCATC,CTGACTAC,TCCTCCGCTTATTGATATGC,F53.R38,F53-m1-R38-m1,F53_m1-R38_m1.fastq
F12,2,F12.2,F53,GGTAG,AAGACGAG,CTTGGTCATTTAGAGGAAGTAA,R37,CCATC,GATAGCCA,TCCTCCGCTTATTGATATGC,F53.R37,F53-m1-R37-m1,F53_m1-R37_m1.fastq
F18,1,F18.1,F53,GGTAG,AAGACGAG,CTTGGTCATTTAGAGGAAGTAA,R36,CCATC,GGCATTCT,TCCTCCGCTTATTGATATGC,F53.R36,F53-m1-R36-m1,F53_m1-R36_m1.fastq
F11,1,F11.1,F53,GGTAG,AAGACGAG,CTTGGTCATTTAGAGGAAGTAA,R35,CCATC,GTCTCATC,TCCTCCGCTTATTGATATGC,F53.R35,F53-m1-R35-m1,F53_m1-R35_m1.fastq
F11,3,F11.3,F53,GGTAG,AAGACGAG,CTTGGTCATTTAGAGGAAGTAA,R34,CCATC,TAGTCTCG,TCCTCCGCTTATTGATATGC,F53.R34,F53-m1-R34-m1,F53_m1-R34_m1.fastq
F05,3,F05.3,F53,GGTAG,AAGACGAG,CTTGGTCATTTAGAGGAAGTAA,R33,CCATC,TCTACGCA,TCCTCCGCTTATTGATATGC,F53.R33,F53-m1-R33-m1,F53_m1-R33_m1.fastq
F11,2,F11.2,F53,GGTAG,AAGACGAG,CTTGGTCATTTAGAGGAAGTAA,R32,CCATC,TTCACGGA,TCCTCCGCTTATTGATATGC,F53.R32,F53-m1-R32-m1,F53_m1-R32_m1.fastq
F07,2,F07.2,F47,GGTAG,ACAACAGC,CTTGGTCATTTAGAGGAAGTAA,R39,CCATC,CGGTTGTT,TCCTCCGCTTATTGATATGC,F47.R39,F47-m1-R39-m1,F47_m1-R39_m1.fastq
F09,2,F09.2,F47,GGTAG,ACAACAGC,CTTGGTCATTTAGAGGAAGTAA,R38,CCATC,CTGACTAC,TCCTCCGCTTATTGATATGC,F47.R38,F47-m1-R38-m1,F47_m1-R38_m1.fastq
F04,3,F04.3,F47,GGTAG,ACAACAGC,CTTGGTCATTTAGAGGAAGTAA,R37,CCATC,GATAGCCA,TCCTCCGCTTATTGATATGC,F47.R37,F47-m1-R37-m1,F47_m1-R37_m1.fastq
F15,1,F15.1,F47,GGTAG,ACAACAGC,CTTGGTCATTTAGAGGAAGTAA,R36,CCATC,GGCATTCT,TCCTCCGCTTATTGATATGC,F47.R36,F47-m1-R36-m1,F47_m1-R36_m1.fastq
F21,1,F21.1,F47,GGTAG,ACAACAGC,CTTGGTCATTTAGAGGAAGTAA,R35,CCATC,GTCTCATC,TCCTCCGCTTATTGATATGC,F47.R35,F47-m1-R35-m1,F47_m1-R35_m1.fastq
F01,3,F01.3,F47,GGTAG,ACAACAGC,CTTGGTCATTTAGAGGAAGTAA,R34,CCATC,TAGTCTCG,TCCTCCGCTTATTGATATGC,F47.R34,F47-m1-R34-m1,F47_m1-R34_m1.fastq
F17,1,F17.1,F47,GGTAG,ACAACAGC,CTTGGTCATTTAGAGGAAGTAA,R33,CCATC,TCTACGCA,TCCTCCGCTTATTGATATGC,F47.R33,F47-m1-R33-m1,F47_m1-R33_m1.fastq
F20,2,F20.2,F47,GGTAG,ACAACAGC,CTTGGTCATTTAGAGGAAGTAA,R32,CCATC,TTCACGGA,TCCTCCGCTTATTGATATGC,F47.R32,F47-m1-R32-m1,F47_m1-R32_m1.fastq
F07,1,F07.1,F48,GGTAG,CAACACAG,CTTGGTCATTTAGAGGAAGTAA,R39,CCATC,CGGTTGTT,TCCTCCGCTTATTGATATGC,F48.R39,F48-m1-R39-m1,F48_m1-R39_m1.fastq
F13,1,F13.1,F48,GGTAG,CAACACAG,CTTGGTCATTTAGAGGAAGTAA,R38,CCATC,CTGACTAC,TCCTCCGCTTATTGATATGC,F48.R38,F48-m1-R38-m1,F48_m1-R38_m1.fastq
F06,2,F06.2,F48,GGTAG,CAACACAG,CTTGGTCATTTAGAGGAAGTAA,R37,CCATC,GATAGCCA,TCCTCCGCTTATTGATATGC,F48.R37,F48-m1-R37-m1,F48_m1-R37_m1.fastq
F14,1,F14.1,F48,GGTAG,CAACACAG,CTTGGTCATTTAGAGGAAGTAA,R36,CCATC,GGCATTCT,TCCTCCGCTTATTGATATGC,F48.R36,F48-m1-R36-m1,F48_m1-R36_m1.fastq
F03,1,F03.1,F48,GGTAG,CAACACAG,CTTGGTCATTTAGAGGAAGTAA,R35,CCATC,GTCTCATC,TCCTCCGCTTATTGATATGC,F48.R35,F48-m1-R35-m1,F48_m1-R35_m1.fastq
F03,2,F03.2,F48,GGTAG,CAACACAG,CTTGGTCATTTAGAGGAAGTAA,R34,CCATC,TAGTCTCG,TCCTCCGCTTATTGATATGC,F48.R34,F48-m1-R34-m1,F48_m1-R34_m1.fastq
F19,2,F19.2,F48,GGTAG,CAACACAG,CTTGGTCATTTAGAGGAAGTAA,R33,CCATC,TCTACGCA,TCCTCCGCTTATTGATATGC,F48.R33,F48-m1-R33-m1,F48_m1-R33_m1.fastq
F16,3,F16.3,F48,GGTAG,CAACACAG,CTTGGTCATTTAGAGGAAGTAA,R32,CCATC,TTCACGGA,TCCTCCGCTTATTGATATGC,F48.R32,F48-m1-R32-m1,F48_m1-R32_m1.fastq
F04,2,F04.2,F52,GGTAG,CCACATTG,CTTGGTCATTTAGAGGAAGTAA,R39,CCATC,CGGTTGTT,TCCTCCGCTTATTGATATGC,F52.R39,F52-m1-R39-m1,F52_m1-R39_m1.fastq
F03,3,F03.3,F52,GGTAG,CCACATTG,CTTGGTCATTTAGAGGAAGTAA,R38,CCATC,CTGACTAC,TCCTCCGCTTATTGATATGC,F52.R38,F52-m1-R38-m1,F52_m1-R38_m1.fastq
F20,1,F20.1,F52,GGTAG,CCACATTG,CTTGGTCATTTAGAGGAAGTAA,R37,CCATC,GATAGCCA,TCCTCCGCTTATTGATATGC,F52.R37,F52-m1-R37-m1,F52_m1-R37_m1.fastq
F21,3,F21.3,F52,GGTAG,CCACATTG,CTTGGTCATTTAGAGGAAGTAA,R36,CCATC,GGCATTCT,TCCTCCGCTTATTGATATGC,F52.R36,F52-m1-R36-m1,F52_m1-R36_m1.fastq
F20,3,F20.3,F52,GGTAG,CCACATTG,CTTGGTCATTTAGAGGAAGTAA,R35,CCATC,GTCTCATC,TCCTCCGCTTATTGATATGC,F52.R35,F52-m1-R35-m1,F52_m1-R35_m1.fastq
F12,3,F12.3,F52,GGTAG,CCACATTG,CTTGGTCATTTAGAGGAAGTAA,R34,CCATC,TAGTCTCG,TCCTCCGCTTATTGATATGC,F52.R34,F52-m1-R34-m1,F52_m1-R34_m1.fastq
F02,3,F02.3,F52,GGTAG,CCACATTG,CTTGGTCATTTAGAGGAAGTAA,R33,CCATC,TCTACGCA,TCCTCCGCTTATTGATATGC,F52.R33,F52-m1-R33-m1,F52_m1-R33_m1.fastq
F18,3,F18.3,F52,GGTAG,CCACATTG,CTTGGTCATTTAGAGGAAGTAA,R32,CCATC,TTCACGGA,TCCTCCGCTTATTGATATGC,F52.R32,F52-m1-R32-m1,F52_m1-R32_m1.fastq
H2O,1,H2O,F54,GGTAG,CCTACCTA,CTTGGTCATTTAGAGGAAGTAA,R39,CCATC,CGGTTGTT,TCCTCCGCTTATTGATATGC,F54.R39,F54-m1-R39-m1,F54_m1-R39_m1.fastq
F08,3,F08.3,F54,GGTAG,CCTACCTA,CTTGGTCATTTAGAGGAAGTAA,R38,CCATC,CTGACTAC,TCCTCCGCTTATTGATATGC,F54.R38,F54-m1-R38-m1,F54_m1-R38_m1.fastq
F08,1,F08.1,F54,GGTAG,CCTACCTA,CTTGGTCATTTAGAGGAAGTAA,R37,CCATC,GATAGCCA,TCCTCCGCTTATTGATATGC,F54.R37,F54-m1-R37-m1,F54_m1-R37_m1.fastq
F01,2,F01.2,F54,GGTAG,CCTACCTA,CTTGGTCATTTAGAGGAAGTAA,R36,CCATC,GGCATTCT,TCCTCCGCTTATTGATATGC,F54.R36,F54-m1-R36-m1,F54_m1-R36_m1.fastq
H2O,2,H2O,F54,GGTAG,CCTACCTA,CTTGGTCATTTAGAGGAAGTAA,R35,CCATC,GTCTCATC,TCCTCCGCTTATTGATATGC,F54.R35,F54-m1-R35-m1,F54_m1-R35_m1.fastq
F22,1,F22.1,F54,GGTAG,CCTACCTA,CTTGGTCATTTAGAGGAAGTAA,R34,CCATC,TAGTCTCG,TCCTCCGCTTATTGATATGC,F54.R34,F54-m1-R34-m1,F54_m1-R34_m1.fastq
F13,3,F13.3,F54,GGTAG,CCTACCTA,CTTGGTCATTTAGAGGAAGTAA,R33,CCATC,TCTACGCA,TCCTCCGCTTATTGATATGC,F54.R33,F54-m1-R33-m1,F54_m1-R33_m1.fastq
F04,1,F04.1,F54,GGTAG,CCTACCTA,CTTGGTCATTTAGAGGAAGTAA,R32,CCATC,TTCACGGA,TCCTCCGCTTATTGATATGC,F54.R32,F54-m1-R32-m1,F54_m1-R32_m1.fastq
F02,2,F02.2,F49,GGTAG,GCCAATAC,CTTGGTCATTTAGAGGAAGTAA,R39,CCATC,CGGTTGTT,TCCTCCGCTTATTGATATGC,F49.R39,F49-m1-R39-m1,F49_m1-R39_m1.fastq
F18,2,F18.2,F49,GGTAG,GCCAATAC,CTTGGTCATTTAGAGGAAGTAA,R38,CCATC,CTGACTAC,TCCTCCGCTTATTGATATGC,F49.R38,F49-m1-R38-m1,F49_m1-R38_m1.fastq
F01,1,F01.1,F49,GGTAG,GCCAATAC,CTTGGTCATTTAGAGGAAGTAA,R37,CCATC,GATAGCCA,TCCTCCGCTTATTGATATGC,F49.R37,F49-m1-R37-m1,F49_m1-R37_m1.fastq
F22,2,F22.2,F49,GGTAG,GCCAATAC,CTTGGTCATTTAGAGGAAGTAA,R36,CCATC,GGCATTCT,TCCTCCGCTTATTGATATGC,F49.R36,F49-m1-R36-m1,F49_m1-R36_m1.fastq
F06,3,F06.3,F49,GGTAG,GCCAATAC,CTTGGTCATTTAGAGGAAGTAA,R35,CCATC,GTCTCATC,TCCTCCGCTTATTGATATGC,F49.R35,F49-m1-R35-m1,F49_m1-R35_m1.fastq
F07,3,F07.3,F49,GGTAG,GCCAATAC,CTTGGTCATTTAGAGGAAGTAA,R34,CCATC,TAGTCTCG,TCCTCCGCTTATTGATATGC,F49.R34,F49-m1-R34-m1,F49_m1-R34_m1.fastq
F10,2,F10.2,F49,GGTAG,GCCAATAC,CTTGGTCATTTAGAGGAAGTAA,R33,CCATC,TCTACGCA,TCCTCCGCTTATTGATATGC,F49.R33,F49-m1-R33-m1,F49_m1-R33_m1.fastq
F02,1,F02.1,F49,GGTAG,GCCAATAC,CTTGGTCATTTAGAGGAAGTAA,R32,CCATC,TTCACGGA,TCCTCCGCTTATTGATATGC,F49.R32,F49-m1-R32-m1,F49_m1-R32_m1.fastq
F16,4,F16.4,F55,GGTAG,GTATCGAG,CTTGGTCATTTAGAGGAAGTAA,R39,CCATC,CGGTTGTT,TCCTCCGCTTATTGATATGC,F55.R39,F55-m1-R39-m1,F55_m1-R39_m1.fastq
F07,4,F07.4,F55,GGTAG,GTATCGAG,CTTGGTCATTTAGAGGAAGTAA,R38,CCATC,CTGACTAC,TCCTCCGCTTATTGATATGC,F55.R38,F55-m1-R38-m1,F55_m1-R38_m1.fastq
F05,4,F05.4,F55,GGTAG,GTATCGAG,CTTGGTCATTTAGAGGAAGTAA,R37,CCATC,GATAGCCA,TCCTCCGCTTATTGATATGC,F55.R37,F55-m1-R37-m1,F55_m1-R37_m1.fastq
F11,4,F11.4,F55,GGTAG,GTATCGAG,CTTGGTCATTTAGAGGAAGTAA,R36,CCATC,GGCATTCT,TCCTCCGCTTATTGATATGC,F55.R36,F55-m1-R36-m1,F55_m1-R36_m1.fastq
F12,1,F12.1,F55,GGTAG,GTATCGAG,CTTGGTCATTTAGAGGAAGTAA,R35,CCATC,GTCTCATC,TCCTCCGCTTATTGATATGC,F55.R35,F55-m1-R35-m1,F55_m1-R35_m1.fastq
F15,2,F15.2,F55,GGTAG,GTATCGAG,CTTGGTCATTTAGAGGAAGTAA,R34,CCATC,TAGTCTCG,TCCTCCGCTTATTGATATGC,F55.R34,F55-m1-R34-m1,F55_m1-R34_m1.fastq
F17,3,F17.3,F55,GGTAG,GTATCGAG,CTTGGTCATTTAGAGGAAGTAA,R33,CCATC,TCTACGCA,TCCTCCGCTTATTGATATGC,F55.R33,F55-m1-R33-m1,F55_m1-R33_m1.fastq
F17,2,F17.2,F55,GGTAG,GTATCGAG,CTTGGTCATTTAGAGGAAGTAA,R32,CCATC,TTCACGGA,TCCTCCGCTTATTGATATGC,F55.R32,F55-m1-R32-m1,F55_m1-R32_m1.fastq
F13,2,F13.2,F50,GGTAG,TAACGTCG,CTTGGTCATTTAGAGGAAGTAA,R39,CCATC,CGGTTGTT,TCCTCCGCTTATTGATATGC,F50.R39,F50-m1-R39-m1,F50_m1-R39_m1.fastq
F21,2,F21.2,F50,GGTAG,TAACGTCG,CTTGGTCATTTAGAGGAAGTAA,R38,CCATC,CTGACTAC,TCCTCCGCTTATTGATATGC,F50.R38,F50-m1-R38-m1,F50_m1-R38_m1.fastq
F16,1,F16.1,F50,GGTAG,TAACGTCG,CTTGGTCATTTAGAGGAAGTAA,R37,CCATC,GATAGCCA,TCCTCCGCTTATTGATATGC,F50.R37,F50-m1-R37-m1,F50_m1-R37_m1.fastq
F06,1,F06.1,F50,GGTAG,TAACGTCG,CTTGGTCATTTAGAGGAAGTAA,R36,CCATC,GGCATTCT,TCCTCCGCTTATTGATATGC,F50.R36,F50-m1-R36-m1,F50_m1-R36_m1.fastq
F09,3,F09.3,F50,GGTAG,TAACGTCG,CTTGGTCATTTAGAGGAAGTAA,R35,CCATC,GTCTCATC,TCCTCCGCTTATTGATATGC,F50.R35,F50-m1-R35-m1,F50_m1-R35_m1.fastq
F16,2,F16.2,F50,GGTAG,TAACGTCG,CTTGGTCATTTAGAGGAAGTAA,R34,CCATC,TAGTCTCG,TCCTCCGCTTATTGATATGC,F50.R34,F50-m1-R34-m1,F50_m1-R34_m1.fastq
F14,3,F14.3,F50,GGTAG,TAACGTCG,CTTGGTCATTTAGAGGAAGTAA,R33,CCATC,TCTACGCA,TCCTCCGCTTATTGATATGC,F50.R33,F50-m1-R33-m1,F50_m1-R33_m1.fastq
F10,1,F10.1,F50,GGTAG,TAACGTCG,CTTGGTCATTTAGAGGAAGTAA,R32,CCATC,TTCACGGA,TCCTCCGCTTATTGATATGC,F50.R32,F50-m1-R32-m1,F50_m1-R32_m1.fastq
F20,4,F20.4,F56,GGTAG,TCGATGAC,CTTGGTCATTTAGAGGAAGTAA,R39,CCATC,CGGTTGTT,TCCTCCGCTTATTGATATGC,F56.R39,F56-m1-R39-m1,F56_m1-R39_m1.fastq
F22,4,F22.4,F56,GGTAG,TCGATGAC,CTTGGTCATTTAGAGGAAGTAA,R38,CCATC,CTGACTAC,TCCTCCGCTTATTGATATGC,F56.R38,F56-m1-R38-m1,F56_m1-R38_m1.fastq
F08,4,F08.4,F56,GGTAG,TCGATGAC,CTTGGTCATTTAGAGGAAGTAA,R37,CCATC,GATAGCCA,TCCTCCGCTTATTGATATGC,F56.R37,F56-m1-R37-m1,F56_m1-R37_m1.fastq
F10,4,F10.4,F56,GGTAG,TCGATGAC,CTTGGTCATTTAGAGGAAGTAA,R36,CCATC,GGCATTCT,TCCTCCGCTTATTGATATGC,F56.R36,F56-m1-R36-m1,F56_m1-R36_m1.fastq
F04,4,F04.4,F56,GGTAG,TCGATGAC,CTTGGTCATTTAGAGGAAGTAA,R35,CCATC,GTCTCATC,TCCTCCGCTTATTGATATGC,F56.R35,F56-m1-R35-m1,F56_m1-R35_m1.fastq
F14,4,F14.4,F56,GGTAG,TCGATGAC,CTTGGTCATTTAGAGGAAGTAA,R34,CCATC,TAGTCTCG,TCCTCCGCTTATTGATATGC,F56.R34,F56-m1-R34-m1,F56_m1-R34_m1.fastq
F09,4,F09.4,F56,GGTAG,TCGATGAC,CTTGGTCATTTAGAGGAAGTAA,R33,CCATC,TCTACGCA,TCCTCCGCTTATTGATATGC,F56.R33,F56-m1-R33-m1,F56_m1-R33_m1.fastq
F19,4,F19.4,F56,GGTAG,TCGATGAC,CTTGGTCATTTAGAGGAAGTAA,R32,CCATC,TTCACGGA,TCCTCCGCTTATTGATATGC,F56.R32,F56-m1-R32-m1,F56_m1-R32_m1.fastq
F02,4,F02.4,F58,GGTAG,TGTGGCTT,CTTGGTCATTTAGAGGAAGTAA,R33,CCATC,TCTACGCA,TCCTCCGCTTATTGATATGC,F58.R33,F58-m1-R33-m1,F58_m1-R33_m1.fastq
F21,4,F21.4,F58,GGTAG,TGTGGCTT,CTTGGTCATTTAGAGGAAGTAA,R32,CCATC,TTCACGGA,TCCTCCGCTTATTGATATGC,F58.R32,F58-m1-R32-m1,F58_m1-R32_m1.fastq
F15,4,F15.4,F57,GGTAG,TGTGTCAG,CTTGGTCATTTAGAGGAAGTAA,R39,CCATC,CGGTTGTT,TCCTCCGCTTATTGATATGC,F57.R39,F57-m1-R39-m1,F57_m1-R39_m1.fastq
F13,4,F13.4,F57,GGTAG,TGTGTCAG,CTTGGTCATTTAGAGGAAGTAA,R38,CCATC,CTGACTAC,TCCTCCGCTTATTGATATGC,F57.R38,F57-m1-R38-m1,F57_m1-R38_m1.fastq
F12,4,F12.4,F57,GGTAG,TGTGTCAG,CTTGGTCATTTAGAGGAAGTAA,R37,CCATC,GATAGCCA,TCCTCCGCTTATTGATATGC,F57.R37,F57-m1-R37-m1,F57_m1-R37_m1.fastq
F18,4,F18.4,F57,GGTAG,TGTGTCAG,CTTGGTCATTTAGAGGAAGTAA,R36,CCATC,GGCATTCT,TCCTCCGCTTATTGATATGC,F57.R36,F57-m1-R36-m1,F57_m1-R36_m1.fastq
F01,4,F01.4,F57,GGTAG,TGTGTCAG,CTTGGTCATTTAGAGGAAGTAA,R35,CCATC,GTCTCATC,TCCTCCGCTTATTGATATGC,F57.R35,F57-m1-R35-m1,F57_m1-R35_m1.fastq
F17,4,F17.4,F57,GGTAG,TGTGTCAG,CTTGGTCATTTAGAGGAAGTAA,R34,CCATC,TAGTCTCG,TCCTCCGCTTATTGATATGC,F57.R34,F57-m1-R34-m1,F57_m1-R34_m1.fastq
F03,4,F03.4,F57,GGTAG,TGTGTCAG,CTTGGTCATTTAGAGGAAGTAA,R33,CCATC,TCTACGCA,TCCTCCGCTTATTGATATGC,F57.R33,F57-m1-R33-m1,F57_m1-R33_m1.fastq
F06,4,F06.4,F57,GGTAG,TGTGTCAG,CTTGGTCATTTAGAGGAAGTAA,R32,CCATC,TTCACGGA,TCCTCCGCTTATTGATATGC,F57.R32,F57-m1-R32-m1,F57_m1-R32_m1.fastq
not_used,1,,F58,,,,R39,,,,F58.R39,F58-m1-R39-m1,F58_m1-R39_m1.fastq
not_used,2,,F58,,,,R38,,,,F58.R38,F58-m1-R38-m1,F58_m1-R38_m1.fastq
not_used,3,,F58,,,,R37,,,,F58.R37,F58-m1-R37-m1,F58_m1-R37_m1.fastq
not_used,4,,F58,,,,R36,,,,F58.R36,F58-m1-R36-m1,F58_m1-R36_m1.fastq
not_used,5,,F58,,,,R35,,,,F58.R35,F58-m1-R35-m1,F58_m1-R35_m1.fastq
not_used,6,,F58,,,,R34,,,,F58.R34,F58-m1-R34-m1,F58_m1-R34_m1.fastq